area,fsa
24580156,
24660001,H1A
24660002,H1A
24660003,H1A
24660004,H1A
24660005,H1A
24660006,H1A
24660007,H1A
24660008,H1A
24660009,H1A
24660010,H1A
24660011,H1A
24660012,H1A
24660013,H1A
24660014,H1A
24660015,H1A
24660016,H1A
24660017,H1A
24660020,H1A
24660021,H1A
24660022,H1A
24660023,H1A
24660024,H1A
24660025,H1A
24660026,H1A
24660027,H1A
24660028,H1A
24660029,H1A
24660030,H1A
24660031,H1A
24660032,H1A
24660033,H1A
24660034,H1A
24660035,H1A
24660036,H1A
24660037,H1A
24660038,H1B
24660039,H1B
24660040,H1B
24660041,H1B
24660042,H1A
24660043,H1A
24660044,H1A
24660045,H1A
24660046,H1B
24660047,H1B
24660048,H1B
24660049,H1B
24660050,H1B
24660051,H1B
24660052,H1B
24660053,H1B
24660054,H1B
24660055,H1B
24660056,H1B
24660057,H1L
24660058,H1B
24660059,H1B
24660060,H1B
24660061,H1L
24660062,H1L
24660063,H1L
24660064,H1L
24660065,H1L
24660066,H1L
24660067,H1L
24660068,H1L
24660069,H1L
24660070,H1L
24660071,H1L
24660072,H1L
24660073,H1L
24660074,H1L
24660075,H1L
24660076,H1L
24660077,H1L
24660078,H1L
24660079,H1L
24660080,H1L
24660081,H1L
24660082,H1L
24660083,H1L
24660084,H1L
24660085,H1L
24660086,H1L
24660087,H1L
24660088,H1L
24660089,H1L
24660090,H1L
24660091,H1L
24660092,H1L
24660093,H1L
24660094,H1L
24660095,H1L
24660096,H1L
24660097,H1L
24660098,H1L
24660099,H1L
24660100,H1L
24660101,H1L
24660102,H1L
24660103,H1L
24660104,H1N
24660107,H1N
24660108,H1N
24660109,H1N
24660110,H1N
24660111,H1N
24660112,H1N
24660114,H1N
24660115,H1N
24660117,H1N
24660118,H1M
24660119,H1M
24660120,H1M
24660121,H1M
24660122,H1M
24660123,H1M
24660124,H1M
24660125,H1M
24660126,H1T
24660127,H1M
24660128,H1M
24660129,H1M
24660130,H1M
24660131,H1M
24660132,H1M
24660133,H1M
24660134,H1M
24660135,H1M
24660136,H1M
24660137,H1M
24660138,H1M
24660139,H1M
24660140,H1M
24660141,H1M
24660142,H1M
24660143,H1M
24660144,H1M
24660145,H1M
24660146,H1M
24660147,H1M
24660148,H1M
24660149,H1K
24660150,H1L
24660151,H1L
24660152,H1K
24660153,H1K
24660154,H1K
24660155,H1K
24660156,H1K
24660157,H1K
24660158,H1K
24660159,H1K
24660160,H1K
24660161,H1K
24660162,H1K
24660163,H1K
24660164,H1K
24660165,H1K
24660166,H1K
24660167,H1K
24660168,H1K
24660169,H1K
24660170,H1K
24660171,H1K
24660172,H1K
24660173,H1K
24660174,H1K
24660175,H1K
24660176,H1K
24660177,H1K
24660178,H1K
24660179,H1K
24660180,H1K
24660181,H1K
24660182,H1K
24660183,H1K
24660184,H1K
24660185,H1K
24660186,H1K
24660187,H1K
24660188,H1K
24660189,H1K
24660190,H1K
24660191,H1K
24660192,H1K
24660193,H1K
24660194,H1K
24660195,H1K
24660196,H1K
24660197,H1K
24660198,H1K
24660199,H1K
24660200,H1K
24660201,H1K
24660202,H1K
24660203,H1M
24660204,H1M
24660205,H1M
24660206,H1M
24660207,H1M
24660208,H1M
24660209,H1T
24660210,H1S
24660211,H1S
24660212,H1S
24660213,H1S
24660214,H1S
24660215,H1S
24660216,H1S
24660217,H1S
24660218,H1S
24660219,H1S
24660220,H1S
24660221,H1S
24660222,H1S
24660223,H1S
24660224,H1S
24660225,H1S
24660226,H1S
24660227,H1S
24660228,H1S
24660229,H1S
24660230,H1S
24660231,H1S
24660232,H1S
24660233,H1S
24660234,H1T
24660235,H1T
24660236,H1T
24660238,H1T
24660239,H1T
24660241,H1S
24660242,H2A
24660243,H2A
24660244,H2A
24660245,H2A
24660246,H2A
24660247,H2A
24660248,H2A
24660249,H2A
24660250,H2A
24660251,H2A
24660252,H2A
24660253,H2A
24660254,H2A
24660255,H2A
24660256,H2A
24660257,H2A
24660258,H1S
24660259,H1S
24660260,H1S
24660261,H1S
24660262,H1S
24660263,H1S
24660264,H1S
24660265,H1S
24660266,H1S
24660267,H1S
24660268,H1S
24660269,H1R
24660270,H1R
24660271,H1R
24660272,H1R
24660273,H1R
24660274,H1P
24660275,H1S
24660276,H1P
24660277,H1P
24660278,H1P
24660279,H1P
24660280,H1P
24660281,H1P
24660282,H1P
24660283,H1P
24660284,H1P
24660285,H1P
24660286,H1P
24660287,H1P
24660288,H1P
24660289,H1P
24660290,H1P
24660291,H1J
24660292,H1J
24660293,H1J
24660294,H1J
24660295,H1J
24660296,H1J
24660297,H1J
24660298,H1J
24660299,H1J
24660300,H1J
24660301,H1J
24660302,H1P
24660303,H1P
24660304,H1P
24660305,H1P
24660306,H1P
24660307,H1P
24660308,H1P
24660309,H1P
24660310,H1P
24660311,H1P
24660312,H1P
24660313,H1P
24660314,H1R
24660315,H1R
24660316,H1R
24660319,H1R
24660320,H1R
24660321,H1R
24660322,H1R
24660323,H1R
24660324,H1R
24660325,H1R
24660326,H1R
24660327,H1R
24660328,H1R
24660329,H1Z
24660330,H1Z
24660331,H1Z
24660332,H1Z
24660333,H1Z
24660334,H1Z
24660335,H1Z
24660336,H1Z
24660337,H1Z
24660338,H1Z
24660339,H1Z
24660340,H1Z
24660341,H1Z
24660342,H1Z
24660343,H1Z
24660344,H1Z
24660345,H1Z
24660346,H1Z
24660347,H1Z
24660348,H1Z
24660349,H1Z
24660350,H1Z
24660351,H1Z
24660352,H1Z
24660353,H1Z
24660354,H1Z
24660355,H1Z
24660356,H1Z
24660357,H1Z
24660358,H1Z
24660359,H1Z
24660360,H1Z
24660361,H2A
24660362,H2A
24660363,H2A
24660364,H2A
24660365,H1Z
24660366,H1Z
24660367,H1Z
24660368,H1Z
24660369,H1Z
24660370,H1Z
24660371,H1Z
24660372,H1Z
24660373,H1Z
24660374,H1R
24660375,H1R
24660376,H1R
24660377,H1R
24660378,H1R
24660379,H1R
24660380,H1R
24660381,H1R
24660382,H1R
24660383,H1R
24660384,H1R
24660385,H1R
24660386,H1R
24660387,H1R
24660388,H1R
24660389,H1R
24660390,H1R
24660391,H1R
24660392,H1R
24660393,H1R
24660394,H1R
24660395,H1R
24660396,H1R
24660397,H1R
24660398,H1R
24660399,H1R
24660400,H1P
24660401,H1R
24660402,H1R
24660403,H1R
24660404,H1R
24660405,H1R
24660406,H1R
24660407,H1R
24660408,H1Z
24660409,H1Z
24660410,H1Z
24660411,H1Z
24660412,H1Z
24660413,H2A
24660414,H2A
24660415,H2A
24660416,H2A
24660417,H2E
24660418,H2E
24660419,H2E
24660420,H2E
24660421,H2E
24660422,H2E
24660423,H2E
24660424,H2E
24660425,H2E
24660426,H2E
24660427,H2E
24660428,H2E
24660429,H2E
24660430,H2E
24660431,H2R
24660432,H2R
24660433,H2R
24660434,H2R
24660435,H2R
24660436,H2R
24660437,H2R
24660438,H2R
24660439,H2R
24660440,H2R
24660441,H2R
24660442,H2R
24660443,H2R
24660444,H2R
24660445,H2R
24660446,H2R
24660447,H2R
24660448,H2R
24660449,H2R
24660450,H2R
24660451,H2R
24660452,H2R
24660453,H2R
24660454,H2R
24660455,H2P
24660456,H2P
24660457,H2P
24660458,H2P
24660459,H2P
24660460,H2P
24660461,H2P
24660462,H2P
24660463,H2P
24660464,H2P
24660465,H2P
24660466,H2P
24660467,H2P
24660468,H2P
24660469,H2P
24660470,H2P
24660471,H2P
24660472,H2R
24660473,H2R
24660474,H2R
24660475,H2R
24660476,H2R
24660478,H2P
24660479,H2P
24660480,H2N
24660481,H2N
24660482,H2N
24660483,H2N
24660484,H2N
24660485,H2N
24660486,H2N
24660487,H2N
24660488,H2N
24660489,H2N
24660490,H2N
24660491,H2M
24660492,H2M
24660493,H2M
24660494,H2M
24660495,H2M
24660496,H2M
24660497,H2M
24660498,H2M
24660499,H2C
24660500,H3L
24660501,H2C
24660502,H3L
24660503,H3L
24660504,H3L
24660505,H3L
24660506,H3L
24660507,H3L
24660508,H3L
24660509,H3L
24660510,H3L
24660511,H3L
24660512,H3L
24660513,H4N
24660514,H4N
24660515,H4N
24660516,H4N
24660517,H4N
24660518,H4N
24660525,H4N
24660526,H4N
24660530,H4N
24660533,H4N
24660536,H4N
24660537,H4N
24660538,H4N
24660539,H4N
24660540,H4N
24660541,H4L
24660542,H4L
24660543,H4L
24660544,H4L
24660545,H4L
24660546,H4L
24660547,H4L
24660548,H4L
24660550,H4L
24660551,H4L
24660552,H4L
24660555,H4L
24660556,H4L
24660557,H4L
24660558,H4L
24660560,H4L
24660561,H4L
24660562,H4L
24660563,H4L
24660564,H4L
24660565,H4L
24660566,H4L
24660567,H4L
24660568,H4L
24660569,H4L
24660570,H4J
24660571,H4J
24660572,H4J
24660576,H4L
24660577,H4L
24660578,H4L
24660579,H4L
24660580,H4L
24660581,H4R
24660582,H4R
24660583,H4M
24660584,H4M
24660585,H4M
24660586,H4M
24660587,H4M
24660588,H4M
24660590,H4M
24660594,H4M
24660596,H4M
24660597,H4L
24660598,H4L
24660599,H4L
24660600,H4L
24660601,H4L
24660602,H4L
24660603,H4L
24660604,H4L
24660605,H4L
24660606,H4L
24660607,H4L
24660608,H4P
24660609,H4P
24660610,H4P
24660611,H4P
24660613,H3W
24660614,H3W
24660615,H3W
24660616,H3W
24660617,H3W
24660618,H3W
24660619,H3W
24660620,H3W
24660621,H3W
24660622,H3W
24660623,H3W
24660624,H3W
24660625,H3X
24660626,H3X
24660627,H3X
24660628,H3X
24660629,H3X
24660630,H3X
24660631,H3X
24660632,H3X
24660633,H3X
24660634,H3X
24660635,H3X
24660636,H4B
24660637,H4B
24660638,H4A
24660639,H4A
24660640,H4A
24660641,H4A
24660642,H4A
24660643,H4A
24660644,H4A
24660645,H4A
24660646,H4A
24660649,H4A
24660650,H3W
24660652,H3W
24660654,H3W
24660655,H3W
24660656,H3W
24660657,H3W
24660659,H3W
24660660,H3W
24660661,H3W
24660662,H3W
24660663,H3W
24660664,H3W
24660665,H3W
24660666,H3W
24660667,H3W
24660668,H3W
24660669,H3W
24660670,H3W
24660671,H3W
24660672,H3W
24660673,H3W
24660676,H3R
24660677,H3S
24660678,H3S
24660679,H3S
24660680,H3S
24660681,H3S
24660682,H3S
24660683,H3S
24660684,H3S
24660685,H3S
24660686,H3S
24660687,H3W
24660688,H3T
24660689,H3T
24660690,H3T
24660691,H3T
24660692,H3T
24660693,H3T
24660694,H3T
24660695,H3T
24660696,H3T
24660697,H3T
24660698,H3T
24660699,H3T
24660700,H3V
24660701,H3V
24660710,H3Y
24660711,H3Y
24660712,H3Y
24660713,H3Y
24660714,H3Y
24660715,H3Y
24660716,H3Y
24660717,H3Y
24660718,H3Y
24660719,H4A
24660722,H4A
24660723,H4A
24660724,H4A
24660725,H4A
24660726,H4A
24660727,H4A
24660728,H4A
24660729,H4A
24660730,H4A
24660731,H4A
24660732,H4A
24660733,H4A
24660734,H4A
24660735,H4B
24660736,H4B
24660737,H4B
24660738,H4B
24660741,H4B
24660742,H4B
24660743,H4B
24660744,H4B
24660745,H4B
24660746,H4B
24660748,H4B
24660749,H4V
24660750,H4V
24660751,H4V
24660752,H4V
24660753,H4B
24660754,H4B
24660755,H4B
24660756,H4A
24660757,H4B
24660758,H4A
24660759,H4A
24660760,H4A
24660761,H4A
24660762,H4A
24660763,H4V
24660764,H4V
24660765,H4V
24660766,H4V
24660767,H4V
24660768,H3X
24660769,H3X
24660770,H3X
24660771,H3X
24660772,H3X
24660773,H3X
24660774,H3X
24660775,H3X
24660776,H3W
24660777,H3W
24660778,H3W
24660779,H3X
24660780,H3X
24660781,H3X
24660783,H3X
24660784,H3X
24660785,H3X
24660786,H3X
24660787,H4V
24660788,H4W
24660794,H4W
24660797,H4W
24660798,H4W
24660799,H4W
24660800,H4W
24660801,H4W
24660802,H4W
24660803,H4W
24660804,H4W
24660805,H4W
24660806,H4W
24660807,H4X
24660808,H4X
24660809,H4X
24660810,H4X
24660812,H8R
24660813,H8R
24660814,H8R
24660815,H8R
24660816,H8R
24660818,H8R
24660820,H4X
24660821,H4X
24660822,H4B
24660823,H4B
24660824,H4B
24660825,H4B
24660826,H4B
24660827,H4V
24660828,H4V
24660829,H4X
24660830,H4X
24660832,H4X
24660833,H4X
24660834,H4V
24660835,H4V
24660836,H4V
24660837,H4V
24660838,H4V
24660839,H4V
24660840,H4V
24660841,H4V
24660842,H4V
24660843,H4V
24660844,H4V
24660845,H4V
24660846,H4V
24660847,H4V
24660848,H4V
24660849,H4V
24660850,H4V
24660851,H4V
24660852,H4V
24660853,H4V
24660854,H4W
24660855,H4W
24660856,H4W
24660857,H4W
24660858,H4W
24660859,H4W
24660860,H4W
24660861,H4W
24660862,H4W
24660863,H4W
24660864,H4W
24660865,H4V
24660866,H4V
24660868,H4B
24660869,H4B
24660870,H4B
24660871,H4B
24660872,H4B
24660874,H8N
24660876,H8N
24660877,H8N
24660878,H8N
24660879,H8N
24660880,H8N
24660881,H8N
24660882,H8N
24660883,H8N
24660884,H8N
24660885,H8N
24660886,H8N
24660887,H8N
24660888,H8N
24660889,H8N
24660890,H8N
24660891,H8N
24660892,H8N
24660893,H8N
24660894,H8N
24660895,H8N
24660896,H8N
24660897,H8N
24660898,H8N
24660899,H8N
24660900,H8N
24660901,H8N
24660902,H8N
24660903,H8N
24660904,H8N
24660905,H8N
24660906,H8R
24660907,H8R
24660908,H8R
24660909,H8R
24660910,H8R
24660911,H8R
24660912,H8R
24660913,H8R
24660914,H8R
24660915,H8R
24660916,H8R
24660917,H8R
24660918,H8R
24660919,H8R
24660920,H8R
24660921,H8R
24660922,H8R
24660923,H8R
24660924,H8R
24660925,H8R
24660926,H8R
24660927,H8R
24660928,H8R
24660929,H8R
24660930,H8R
24660931,H8R
24660932,H8R
24660933,H8R
24660934,H8R
24660935,H8R
24660936,H8R
24660937,H8R
24660938,H8R
24660939,H8R
24660940,H8R
24660941,H8R
24660942,H8R
24660943,H8R
24660944,H8R
24660945,H8R
24660946,H8R
24660947,H8R
24660948,H8R
24660949,H8R
24660950,H8R
24660951,H8R
24660952,H8R
24660953,H8R
24660954,H8R
24660955,H8P
24660956,H8P
24660957,H8P
24660958,H8P
24660959,H8P
24660960,H8P
24660961,H8P
24660962,H8P
24660963,H8P
24660964,H8P
24660965,H8P
24660966,H8P
24660967,H8P
24660968,H8P
24660969,H8P
24660970,H8P
24660971,H8P
24660972,H8P
24660973,H8P
24660974,H8P
24660975,H8P
24660976,H8P
24660977,H8P
24660978,H8P
24660979,H8P
24660980,H8P
24660981,H8P
24660982,H8P
24660983,H8P
24660984,H8P
24660985,H8P
24660986,H8P
24660987,H8P
24660988,H8P
24660989,H8P
24660990,H8P
24660991,H8P
24660992,H8P
24660993,H8N
24660994,H8N
24660995,H8N
24660997,H4E
24660998,H4E
24660999,H4E
24661000,H4E
24661001,H4E
24661002,H4E
24661003,H4E
24661004,H4E
24661005,H4E
24661006,H4E
24661007,H4E
24661008,H4E
24661009,H4E
24661010,H4E
24661011,H4E
24661012,H4E
24661013,H4E
24661014,H4E
24661015,H4E
24661016,H4E
24661017,H4E
24661018,H4E
24661019,H4E
24661020,H4E
24661021,H4E
24661022,H4E
24661023,H4E
24661024,H4E
24661025,H4E
24661026,H4E
24661027,H4E
24661028,H4E
24661029,H4E
24661030,H4E
24661031,H4E
24661032,H4E
24661033,H4E
24661034,H4E
24661035,H4E
24661036,H4E
24661037,H4E
24661038,H4E
24661039,H4E
24661040,H4E
24661041,H4E
24661042,H4E
24661043,H4E
24661044,H4E
24661045,H4E
24661046,H4E
24661047,H4E
24661048,H4C
24661049,H4C
24661050,H4C
24661051,H4C
24661052,H4C
24661053,H4C
24661054,H4C
24661055,H4C
24661058,H4C
24661059,H4C
24661060,H4C
24661062,H3Z
24661063,H3Z
24661066,H3Z
24661067,H3Z
24661068,H3Z
24661069,H3Y
24661070,H3Y
24661071,H3Y
24661072,H3Y
24661073,H3Z
24661080,H3H
24661081,H3H
24661082,H3H
24661083,H3H
24661084,H3H
24661086,H3H
24661087,H3H
24661093,H3H
24661094,H3H
24661099,H3G
24661100,H3G
24661102,H3G
24661103,H3H
24661104,H3G
24661105,H3G
24661106,H3G
24661108,H3C
24661109,H3J
24661110,H3J
24661111,H3J
24661113,H3J
24661114,H3J
24661116,H3J
24661117,H3J
24661118,H3J
24661119,H3J
24661120,H3J
24661121,H3J
24661122,H3J
24661123,H3J
24661124,H3J
24661125,H3K
24661126,H3K
24661127,H3K
24661128,H3K
24661129,H3K
24661130,H3K
24661131,H3K
24661132,H3K
24661133,H3K
24661134,H3K
24661135,H4G
24661136,H4G
24661137,H4G
24661138,H4G
24661139,H4G
24661140,H4G
24661141,H4G
24661142,H4G
24661143,H4G
24661144,H4G
24661145,H4G
24661146,H4G
24661147,H4G
24661148,H4G
24661149,H4G
24661150,H4G
24661151,H4G
24661152,H4G
24661153,H4G
24661154,H4G
24661155,H4G
24661156,H4G
24661157,H4G
24661158,H4G
24661159,H4G
24661160,H4G
24661161,H4H
24661162,H4H
24661163,H4H
24661164,H4H
24661165,H4H
24661166,H4H
24661167,H4H
24661168,H4H
24661169,H4H
24661170,H4H
24661171,H4H
24661172,H4H
24661173,H4G
24661174,H4G
24661175,H4G
24661176,H4G
24661177,H4G
24661178,H4G
24661179,H4G
24661180,H4G
24661181,H4G
24661182,H4G
24661183,H4G
24661184,H4G
24661185,H4G
24661187,H4E
24661189,H4G
24661190,H4G
24661191,H4H
24661192,H4H
24661193,H4H
24661194,H4H
24661195,H4H
24661196,H4H
24661197,H4H
24661198,H4H
24661199,H4H
24661200,H4H
24661201,H4H
24661202,H4H
24661203,H4H
24661204,H4H
24661205,H4E
24661206,H4E
24661207,H4E
24661209,H4H
24661210,H4H
24661211,H4H
24661213,H4H
24661214,H4G
24661215,H4G
24661216,H4G
24661217,H4G
24661218,H4G
24661219,H4G
24661220,H4G
24661221,H4G
24661222,H4G
24661223,H4G
24661242,H3K
24661243,H3K
24661244,H3K
24661245,H3K
24661246,H3K
24661247,H3K
24661248,H3K
24661249,H3K
24661250,H3K
24661251,H3K
24661252,H3K
24661255,H2Y
24661256,H2Y
24661257,H2Y
24661258,H2X
24661259,H2X
24661260,H2X
24661261,H2X
24661262,H2X
24661263,H2X
24661264,H2X
24661265,H2X
24661269,H2X
24661270,H2X
24661271,H2X
24661272,H2X
24661273,H2X
24661276,H2X
24661277,H2X
24661278,H2X
24661279,H2X
24661280,H2X
24661281,H2X
24661282,H2X
24661284,H2X
24661285,H2X
24661286,H2X
24661299,H3T
24661300,H3T
24661301,H3T
24661302,H3T
24661303,H3S
24661304,H3S
24661305,H3S
24661306,H3S
24661308,H3S
24661309,H3S
24661310,H3S
24661311,H3S
24661312,H3S
24661313,H3S
24661314,H3S
24661315,H3S
24661316,H3S
24661317,H3S
24661318,H3S
24661319,H3S
24661320,H3S
24661321,H3S
24661322,H3S
24661323,H3S
24661324,H3S
24661325,H3S
24661326,H3S
24661327,H3S
24661328,H3S
24661329,H3S
24661330,H3S
24661331,H3S
24661332,H3S
24661333,H3S
24661334,H3S
24661335,H3S
24661336,H3T
24661337,H3T
24661338,H3S
24661339,H3S
24661340,H3S
24661341,H3S
24661342,H3S
24661343,H3S
24661344,H3S
24661345,H3S
24661346,H3S
24661347,H3S
24661348,H3S
24661349,H2V
24661350,H2V
24661351,H2V
24661352,H2V
24661353,H2V
24661354,H2V
24661355,H2V
24661356,H2V
24661357,H2V
24661358,H2V
24661359,H2V
24661360,H2V
24661361,H2V
24661362,H2V
24661363,H2V
24661364,H2V
24661365,H2V
24661366,H2V
24661367,H2V
24661368,H2V
24661369,H2V
24661370,H2T
24661371,H2T
24661372,H2T
24661373,H2T
24661374,H2T
24661375,H2T
24661376,H2T
24661377,H2T
24661378,H2T
24661379,H2T
24661380,H2T
24661381,H2T
24661382,H2V
24661383,H2V
24661384,H2V
24661385,H2V
24661386,H2V
24661387,H2V
24661388,H2V
24661389,H2V
24661390,H2V
24661391,H2T
24661392,H2T
24661393,H2V
24661394,H2V
24661395,H2V
24661396,H2V
24661397,H2V
24661398,H2V
24661399,H2V
24661400,H2V
24661401,H3S
24661402,H3S
24661405,H3S
24661407,H3T
24661408,H2V
24661409,H2V
24661410,H3T
24661411,H2V
24661412,H2V
24661413,H2V
24661414,H2V
24661415,H2V
24661416,H2V
24661417,H2V
24661418,H2V
24661419,H2V
24661420,H2T
24661421,H2T
24661422,H2T
24661423,H2T
24661424,H2T
24661425,H2T
24661426,H2T
24661427,H2T
24661428,H2T
24661429,H2T
24661430,H2T
24661431,H2V
24661432,H2T
24661433,H2T
24661434,H2T
24661435,H2T
24661436,H2T
24661437,H2J
24661438,H2J
24661439,H2J
24661440,H2J
24661441,H2J
24661442,H2J
24661443,H2T
24661444,H2S
24661445,H2S
24661446,H2S
24661447,H2S
24661448,H2S
24661449,H2S
24661450,H2S
24661451,H2S
24661452,H2S
24661453,H2S
24661454,H2S
24661455,H2S
24661456,H2S
24661457,H2S
24661458,H2S
24661459,H2S
24661460,H2S
24661461,H2S
24661462,H2S
24661463,H2S
24661464,H2S
24661465,H2S
24661466,H2S
24661467,H2S
24661468,H2S
24661469,H2S
24661470,H2S
24661471,H2S
24661472,H2E
24661473,H2E
24661474,H2E
24661475,H2E
24661476,H2E
24661477,H2E
24661478,H2E
24661479,H2E
24661480,H2E
24661481,H2E
24661482,H2A
24661483,H2A
24661484,H2A
24661485,H2A
24661486,H2A
24661487,H2A
24661488,H2A
24661489,H2A
24661490,H2E
24661491,H2E
24661492,H2E
24661493,H2E
24661494,H2E
24661495,H2E
24661496,H2E
24661497,H2E
24661498,H2E
24661499,H2E
24661500,H2R
24661501,H2R
24661502,H2R
24661503,H2R
24661504,H2R
24661505,H2R
24661506,H2R
24661507,H2R
24661508,H2R
24661509,H2R
24661510,H2R
24661513,H2S
24661514,H2S
24661515,H2S
24661516,H2S
24661517,H2S
24661518,H2S
24661519,H2S
24661520,H2S
24661521,H2R
24661522,H3N
24661523,H3N
24661524,H3N
24661525,H3N
24661526,H3N
24661527,H3N
24661528,H3N
24661529,H3N
24661530,H3N
24661531,H3N
24661532,H3P
24661533,H3N
24661534,H3N
24661535,H3N
24661536,H3N
24661537,H3N
24661538,H3N
24661539,H3N
24661540,H3N
24661541,H3N
24661542,H3N
24661543,H3N
24661544,H3N
24661545,H3N
24661546,H3N
24661547,H3N
24661548,H3N
24661549,H3N
24661550,H3N
24661551,H3N
24661554,H3N
24661555,H3N
24661556,H3N
24661557,H3N
24661558,H3N
24661559,H3N
24661560,H3N
24661561,H3N
24661562,H3N
24661563,H3N
24661564,H3N
24661566,H3N
24661567,H3P
24661568,H3P
24661569,H3P
24661570,H3P
24661571,H3P
24661572,H3P
24661573,H3S
24661574,H3P
24661575,H3P
24661576,H3P
24661577,H3P
24661578,H3P
24661579,H3R
24661580,H3R
24661581,H3R
24661582,H3R
24661583,H3R
24661584,H3R
24661585,H3R
24661586,H3R
24661587,H4P
24661589,H3R
24661590,H3R
24661591,H3R
24661592,H3R
24661593,H3R
24661594,H3R
24661595,H3P
24661597,H3P
24661598,H3P
24661599,H3R
24661600,H3R
24661601,H4N
24661602,H4N
24661603,H4N
24661606,H4L
24661609,H4L
24661611,H4N
24661614,H3N
24661615,H3N
24661616,H3N
24661617,H3N
24661618,H3N
24661619,H3R
24661620,H3P
24661621,H3N
24661622,H3N
24661623,H3N
24661624,H3N
24661625,H2V
24661626,H2S
24661627,H2S
24661628,H2S
24661629,H2S
24661630,H2A
24661631,H1Y
24661632,H1Y
24661633,H1Y
24661634,H2G
24661635,H2G
24661636,H2G
24661637,H2G
24661638,H2G
24661639,H2G
24661640,H2G
24661641,H2G
24661642,H2G
24661643,H2S
24661644,H2S
24661645,H2S
24661646,H2S
24661647,H2S
24661648,H2S
24661649,H2S
24661650,H2G
24661651,H2G
24661652,H2G
24661653,H2G
24661654,H2G
24661655,H2G
24661656,H2G
24661657,H2G
24661658,H2G
24661659,H2G
24661660,H1Y
24661661,H1Y
24661662,H1Y
24661663,H1Y
24661664,H1Y
24661665,H1X
24661666,H1X
24661667,H1X
24661668,H1X
24661669,H1X
24661670,H1X
24661671,H1X
24661672,H1X
24661673,H1T
24661674,H1T
24661675,H1T
24661676,H1T
24661677,H1T
24661678,H1T
24661679,H1T
24661680,H1T
24661681,H1T
24661682,H1T
24661683,H1T
24661684,H1T
24661685,H1T
24661686,H1T
24661687,H1T
24661688,H1T
24661689,H1T
24661690,H1T
24661691,H1T
24661692,H1T
24661693,H1T
24661694,H1T
24661695,H1T
24661696,H1T
24661697,H1T
24661698,H1T
24661699,H1T
24661700,H1S
24661701,H1T
24661702,H1T
24661703,H1M
24661704,H1S
24661705,H1T
24661709,H1N
24661710,H1N
24661711,H1N
24661712,H1N
24661713,H1N
24661714,H1N
24661715,H1N
24661716,H1N
24661717,H1N
24661718,H1N
24661719,H1N
24661720,H1N
24661721,H1N
24661723,H1N
24661725,H1L
24661726,H1N
24661727,H1N
24661728,H1V
24661729,H1V
24661730,H1V
24661731,H1V
24661732,H1V
24661733,H1V
24661734,H1V
24661735,H1V
24661736,H1V
24661737,H1V
24661738,H1V
24661739,H1W
24661740,H1W
24661741,H1W
24661742,H1W
24661743,H1W
24661744,H1W
24661745,H1W
24661746,H1W
24661747,H1W
24661748,H1W
24661749,H1W
24661750,H1W
24661751,H1W
24661752,H1W
24661753,H1W
24661754,H1W
24661755,H1W
24661756,H1W
24661757,H1W
24661758,H1W
24661759,H1W
24661760,H1W
24661761,H1W
24661762,H1W
24661763,H1W
24661764,H1W
24661765,H1W
24661766,H1V
24661767,H1V
24661768,H1W
24661769,H1W
24661770,H1W
24661771,H1W
24661772,H1W
24661773,H1W
24661774,H1W
24661775,H1W
24661776,H1W
24661777,H1W
24661778,H1W
24661779,H1W
24661780,H2K
24661781,H2K
24661782,H1W
24661783,H2K
24661784,H2K
24661785,H2K
24661786,H2K
24661787,H2K
24661788,H2K
24661789,H2K
24661790,H2K
24661791,H2K
24661792,H2K
24661793,H2K
24661794,H2K
24661795,H2K
24661796,H2K
24661797,H2K
24661798,H2K
24661799,H2K
24661800,H2K
24661801,H2K
24661802,H2H
24661803,H2H
24661804,H2H
24661805,H2H
24661806,H2H
24661807,H2H
24661808,H2H
24661809,H2H
24661810,H2H
24661811,H2H
24661812,H2H
24661813,H2H
24661814,H2H
24661815,H2H
24661816,H2H
24661817,H2J
24661818,H2H
24661819,H2H
24661820,H2J
24661821,H2H
24661822,H2J
24661823,H2J
24661824,H2J
24661825,H2J
24661826,H2J
24661827,H2J
24661828,H2J
24661829,H2J
24661830,H2J
24661831,H2J
24661832,H2J
24661833,H2J
24661834,H2T
24661835,H2J
24661836,H2J
24661837,H2J
24661838,H2J
24661839,H2J
24661840,H2J
24661841,H2L
24661842,H2L
24661843,H2L
24661844,H2L
24661845,H2L
24661846,H2L
24661847,H2L
24661848,H2L
24661849,H2L
24661850,H2L
24661851,H2L
24661852,H2L
24661853,H2L
24661854,H2L
24661855,H2L
24661856,H2L
24661857,H2L
24661858,H2L
24661859,H2L
24661860,H2L
24661861,H2L
24661862,H2L
24661863,H2L
24661864,H2L
24661865,H2L
24661866,H2L
24661867,H2L
24661868,H2K
24661869,H2K
24661870,H2K
24661871,H2K
24661872,H2K
24661873,H2K
24661874,H2K
24661877,H2K
24661879,H2K
24661880,H2K
24661881,H2K
24661882,H2K
24661883,H2L
24661884,H2L
24661885,H2K
24661886,H2K
24661887,H2L
24661889,H2K
24661890,H2K
24661891,H2K
24661892,H2K
24661893,H2K
24661894,H2H
24661895,H2J
24661896,H2J
24661897,H2J
24661898,H2J
24661899,H2J
24661900,H2J
24661901,H2J
24661902,H2J
24661903,H2J
24661904,H2J
24661905,H2J
24661906,H2J
24661907,H2J
24661908,H2J
24661909,H2J
24661910,H2J
24661911,H2J
24661912,H2J
24661913,H2J
24661916,H2K
24661917,H1W
24661918,H1W
24661919,H1W
24661920,H1V
24661921,H1V
24661922,H1V
24661926,H2L
24661927,H2L
24661928,H2L
24661929,H2L
24661936,H2X
24661937,H2X
24661940,H2X
24661941,H2W
24661942,H2W
24661943,H2X
24661944,H2X
24661945,H2W
24661946,H2W
24661947,H2W
24661948,H2W
24661949,H2W
24661950,H2W
24661953,H2L
24661954,H2W
24661955,H2W
24661956,H2W
24661957,H2W
24661958,H2W
24661959,H2W
24661960,H2W
24661961,H2W
24661962,H2W
24661963,H2W
24661964,H2W
24661965,H2W
24661966,H2S
24661967,H2G
24661968,H2G
24661969,H2G
24661970,H2G
24661971,H2G
24661972,H2G
24661973,H2G
24661974,H2G
24661975,H2G
24661976,H1Y
24661977,H1Y
24661978,H1Y
24661979,H1Y
24661980,H1Y
24661981,H1Y
24661982,H1Y
24661983,H1Y
24661984,H1Y
24661985,H1Y
24661986,H1Y
24661987,H1Y
24661988,H1Y
24661989,H1Y
24661990,H1Y
24661991,H1Y
24661992,H1Y
24661993,H1Y
24661994,H1Y
24661995,H1Y
24661996,H1X
24661997,H1X
24661998,H1X
24661999,H1X
24662000,H1X
24662001,H1X
24662002,H1X
24662003,H1X
24662004,H1X
24662005,H1X
24662006,H1X
24662007,H1X
24662008,H1X
24662009,H1X
24662010,H1X
24662011,H1X
24662012,H1X
24662013,H1Y
24662014,H1X
24662015,H1Y
24662016,H1Y
24662017,H1Y
24662018,H1Y
24662019,H1Y
24662020,H1Y
24662021,H1Y
24662022,H1Y
24662024,H1Y
24662025,H1Y
24662026,H2K
24662027,H2H
24662028,H2H
24662029,H2H
24662030,H2H
24662031,H2H
24662032,H2G
24662033,H2G
24662034,H1X
24662035,H1X
24662036,H1X
24662037,H1X
24662038,H1X
24662039,H1X
24662040,H1X
24662041,H1X
24662042,H1X
24662043,H1W
24662044,H1W
24662045,H1W
24662046,H1W
24662047,H1W
24662048,H1W
24662049,H1W
24662050,H1W
24662051,H1X
24662052,H1V
24662053,H1V
24662054,H1V
24662055,H1V
24662056,H1V
24662057,H1V
24662058,H1V
24662064,H1V
24662065,H1V
24662066,H1V
24662069,H1X
24662070,H1X
24662071,H1X
24662072,H1X
24662073,H1X
24662074,H1X
24662075,H1X
24662076,H1X
24662077,H1X
24662078,H1T
24662079,H1T
24662080,H1T
24662081,H1T
24662082,H1T
24662083,H1T
24662084,H1T
24662085,H1T
24662086,H1T
24662087,H1X
24662088,H1X
24662089,H1X
24662090,H1Y
24662091,H1X
24662092,H1Y
24662093,H1Y
24662094,H1Y
24662095,H2G
24662096,H2G
24662097,H2G
24662098,H2G
24662099,H2G
24662100,H2G
24662101,H2G
24662102,H2G
24662103,H1N
24662104,H1M
24662105,H1M
24662106,H1M
24662108,H1T
24662109,H1X
24662110,H1X
24662111,H2V
24662112,H2V
24662113,H2V
24662114,H2X
24662115,H2Z
24662116,H2Z
24662117,H4H
24662118,H4H
24662119,H4H
24662120,H8P
24662121,H8P
24662122,H4H
24662123,H8P
24662124,H8P
24662125,H4G
24662126,H4G
24662127,H3K
24662128,H3K
24662129,H3K
24662130,H4C
24662131,H4C
24662132,H4C
24662133,H4C
24662134,H4C
24662135,H4C
24662136,H4C
24662137,H4C
24662138,H3Z
24662140,H3H
24662141,H3H
24662142,H3Z
24662143,H3Z
24662144,H3Z
24662145,H3Z
24662147,H3Z
24662148,H3Z
24662149,H3Z
24662150,H3Z
24662151,H3Z
24662152,H4A
24662153,H4A
24662154,H4A
24662155,H4A
24662156,H4A
24662157,H4A
24662158,H4A
24662159,H4A
24662160,H4A
24662161,H4A
24662162,H4A
24662163,H4C
24662164,H4C
24662165,H4C
24662167,H4C
24662168,H4C
24662169,H8N
24662170,H8N
24662171,H8N
24662172,H8N
24662173,H8N
24662174,H8N
24662175,H8N
24662176,H8P
24662177,H8N
24662178,H8N
24662179,H8N
24662180,H8N
24662182,H8R
24662183,H8R
24662187,H8S
24662192,H8S
24662193,H8S
24662195,H8S
24662196,H8S
24662197,H8S
24662198,H8S
24662199,H8S
24662200,H8S
24662201,H8S
24662202,H8S
24662203,H8T
24662204,H8S
24662205,H8S
24662206,H8S
24662209,H8T
24662210,H8T
24662211,H8T
24662212,H8T
24662213,H8T
24662214,H8T
24662215,H8T
24662216,H8S
24662217,H8S
24662218,H8T
24662219,H8T
24662220,H8T
24662221,H8T
24662222,H8T
24662223,H8T
24662224,H8T
24662225,H8T
24662226,H8T
24662227,H8T
24662228,H8T
24662229,H8T
24662230,H8T
24662231,H8T
24662232,H8T
24662233,H9S
24662234,H9S
24662235,H9S
24662236,H9S
24662237,H9S
24662238,H9S
24662239,H9S
24662240,H9S
24662241,H9S
24662242,H9S
24662243,H9S
24662244,H9S
24662245,H9S
24662246,H9S
24662248,H9S
24662250,H9S
24662251,H9S
24662252,H9S
24662253,H9S
24662254,H9S
24662255,H9S
24662256,H9S
24662257,H9S
24662258,H9S
24662259,H9S
24662260,H9S
24662261,H9S
24662262,H9S
24662263,H9R
24662264,H9R
24662265,H9R
24662266,H9R
24662267,H9R
24662268,H9R
24662269,H9R
24662270,H9R
24662271,H9R
24662272,H9R
24662273,H9R
24662274,H9R
24662275,H9R
24662276,H9R
24662277,H9R
24662278,H9R
24662279,H9R
24662280,H9R
24662281,H9R
24662282,H9R
24662283,H9R
24662284,H9R
24662285,H9H
24662286,H9H
24662287,H9H
24662288,H9H
24662289,H9H
24662290,H9H
24662291,H9J
24662292,H9J
24662293,H9J
24662294,H9J
24662295,H9J
24662296,H9W
24662297,H9W
24662298,H9W
24662299,H9W
24662300,H9W
24662301,H9W
24662302,H9W
24662303,H9W
24662304,H9W
24662305,H9W
24662306,H9W
24662307,H9W
24662308,H9W
24662309,H9W
24662310,H9W
24662311,H9W
24662312,H9W
24662313,H9W
24662314,H9W
24662315,H9W
24662316,H9W
24662317,H9W
24662318,H9W
24662319,H9J
24662320,H9J
24662321,H9J
24662322,H9J
24662323,H9K
24662324,H9J
24662325,H9K
24662326,H9J
24662327,H9J
24662328,H9J
24662329,H9J
24662330,H9H
24662331,H9H
24662332,H9H
24662333,H9J
24662334,H9J
24662335,H9H
24662336,H9H
24662337,H9H
24662338,H9H
24662339,H9H
24662340,H9H
24662341,H9H
24662342,H9H
24662343,H9H
24662344,H9H
24662345,H9H
24662346,H9H
24662347,H9G
24662348,H9G
24662349,H9G
24662350,H9G
24662351,H9G
24662352,H9G
24662353,H9G
24662354,H9G
24662355,H9G
24662356,H9G
24662357,H9G
24662358,H9G
24662359,H9G
24662362,H9G
24662363,H9G
24662364,H9B
24662365,H9A
24662366,H9B
24662367,H9A
24662368,H9A
24662369,H9A
24662370,H9A
24662371,H9A
24662372,H9A
24662373,H9A
24662374,H8Z
24662375,H8Z
24662376,H8Z
24662377,H8Z
24662378,H8Z
24662379,H8Z
24662380,H8Z
24662381,H8Z
24662382,H8Z
24662383,H8Z
24662384,H8Z
24662385,H8Z
24662386,H8Z
24662387,H9A
24662388,H9A
24662389,H9A
24662390,H9A
24662391,H9A
24662392,H8Y
24662393,H9A
24662394,H9B
24662395,H9B
24662396,H9A
24662397,H9B
24662398,H9B
24662399,H9B
24662400,H9B
24662401,H9B
24662402,H9B
24662403,H9B
24662404,H9B
24662405,H9B
24662408,H9B
24662409,H9B
24662410,H9B
24662411,H9B
24662412,H9B
24662413,H9B
24662414,H9B
24662415,H9B
24662416,H9B
24662417,H8Y
24662418,H8Y
24662419,H8Y
24662420,H9B
24662421,H9P
24662422,H9R
24662423,H9R
24662424,H9R
24662425,H9R
24662426,H9R
24662427,H9P
24662428,H9P
24662429,H9P
24662430,H9P
24662431,H9P
24662432,H9P
24662433,H8S
24662434,H4W
24662435,H4W
24662436,H4W
24662439,H4W
24662440,H4W
24662442,H4W
24662444,H4M
24662445,H4R
24662447,H4R
24662448,H4R
24662449,H4R
24662450,H4R
24662452,H4R
24662453,H4R
24662454,H4R
24662455,H4R
24662456,H4R
24662457,H4R
24662458,H4M
24662459,H4M
24662460,H4M
24662461,H4M
24662463,H4M
24662465,H4R
24662466,H4R
24662467,H4K
24662468,H4K
24662469,H4K
24662470,H4K
24662471,H4K
24662472,H4K
24662473,H4K
24662474,H4K
24662475,H4K
24662476,H4J
24662477,H4J
24662478,H4J
24662479,H4J
24662480,H4J
24662483,H4J
24662484,H4J
24662485,H4K
24662486,H4J
24662489,H4J
24662490,H4J
24662491,H4J
24662492,H4J
24662493,H4K
24662494,H4R
24662495,H4K
24662496,H4K
24662497,H4K
24662498,H4K
24662499,H4K
24662500,H4K
24662501,H4J
24662502,H4J
24662503,H4J
24662504,H4J
24662505,H4J
24662506,H4J
24662507,H4J
24662508,H4J
24662509,H3M
24662510,H3M
24662511,H3M
24662512,H3M
24662513,H3M
24662515,H3M
24662516,H3L
24662518,H3L
24662519,H3L
24662520,H3L
24662521,H3L
24662522,H3L
24662523,H3L
24662524,H3L
24662525,H3L
24662526,H3L
24662527,H3L
24662528,H2C
24662529,H2C
24662530,H3L
24662531,H3L
24662532,H3L
24662533,H3L
24662534,H3L
24662535,H3L
24662536,H3L
24662537,H3L
24662538,H3L
24662539,H3L
24662540,H3L
24662541,H3L
24662542,H4N
24662543,H3M
24662544,H3M
24662545,H3M
24662546,H4N
24662547,H4N
24662548,H3M
24662549,H3M
24662550,H3M
24662551,H3M
24662552,H3M
24662553,H3M
24662554,H3M
24662555,H3M
24662556,H3M
24662557,H3M
24662558,H3M
24662559,H3M
24662560,H3M
24662561,H3M
24662562,H3M
24662563,H3M
24662564,H3M
24662565,H3M
24662566,H3L
24662567,H4J
24662568,H4J
24662569,H4J
24662570,H4J
24662571,H4J
24662572,H2C
24662573,H2C
24662574,H2C
24662575,H2C
24662576,H2C
24662577,H2C
24662578,H2C
24662579,H2C
24662580,H2C
24662581,H2C
24662582,H2C
24662583,H2C
24662584,H2C
24662585,H2C
24662586,H2C
24662587,H2C
24662588,H2C
24662589,H2M
24662590,H2M
24662591,H2M
24662592,H2M
24662593,H2M
24662594,H2M
24662595,H2M
24662598,H2M
24662599,H2M
24662600,H2M
24662601,H2M
24662602,H2M
24662603,H2M
24662604,H2M
24662605,H2P
24662606,H2P
24662607,H2P
24662608,H2P
24662609,H2P
24662610,H2P
24662611,H2M
24662612,H2M
24662613,H2M
24662614,H2M
24662615,H2M
24662616,H2M
24662617,H2M
24662618,H2M
24662619,H2E
24662620,H2E
24662621,H2E
24662622,H2E
24662623,H2E
24662624,H2E
24662625,H2E
24662626,H2E
24662627,H2E
24662628,H1Z
24662629,H1Z
24662630,H1Z
24662631,H1Z
24662632,H1Z
24662633,H1Z
24662634,H1Z
24662635,H1Z
24662636,H1Z
24662637,H1Z
24662638,H1Z
24662639,H1Z
24662640,H1Z
24662641,H1Z
24662642,H1Z
24662643,H2B
24662644,H2B
24662645,H2B
24662646,H2B
24662647,H2B
24662648,H2B
24662649,H2B
24662650,H2C
24662651,H2B
24662652,H2C
24662653,H2C
24662654,H2C
24662655,H2C
24662656,H2C
24662657,H2C
24662658,H2C
24662659,H2C
24662660,H2C
24662661,H2B
24662662,H2B
24662663,H2B
24662664,H2B
24662665,H2B
24662666,H2B
24662667,H2B
24662668,H2B
24662669,H2B
24662670,H2B
24662671,H2B
24662672,H2B
24662673,H1H
24662674,H1H
24662675,H2B
24662676,H2B
24662677,H1H
24662678,H1H
24662679,H1H
24662680,H1H
24662681,H1H
24662682,H1H
24662683,H1H
24662684,H1H
24662685,H1H
24662686,H1H
24662687,H1H
24662688,H1H
24662689,H1H
24662690,H1H
24662691,H1H
24662692,H1H
24662693,H1H
24662694,H1H
24662695,H1H
24662696,H1H
24662697,H1H
24662698,H1H
24662699,H1H
24662703,H2B
24662704,H1H
24662705,H1H
24662706,H1H
24662707,H2B
24662708,H2B
24662709,H1H
24662710,H1H
24662711,H1H
24662712,H1H
24662713,H1H
24662714,H1H
24662715,H1H
24662716,H1H
24662717,H1H
24662718,H1H
24662719,H1H
24662720,H1H
24662721,H1H
24662722,H1H
24662723,H1H
24662724,H1H
24662725,H1H
24662726,H1H
24662727,H1H
24662728,H1H
24662729,H1H
24662730,H1H
24662731,H1R
24662732,H1R
24662733,H1R
24662734,H1G
24662735,H1G
24662736,H1H
24662737,H1H
24662738,H1G
24662739,H1G
24662740,H1G
24662741,H1G
24662742,H1G
24662743,H1G
24662744,H1G
24662745,H1G
24662746,H1G
24662747,H1G
24662748,H1G
24662749,H1G
24662750,H1G
24662751,H1G
24662752,H1G
24662753,H1G
24662754,H1G
24662755,H1G
24662756,H1G
24662757,H1G
24662758,H1G
24662759,H1G
24662760,H1G
24662761,H1G
24662762,H1G
24662763,H1G
24662764,H1G
24662765,H1G
24662766,H1G
24662767,H1G
24662768,H1G
24662769,H1G
24662770,H1G
24662771,H1G
24662772,H1G
24662773,H1G
24662774,H1G
24662775,H1G
24662776,H1G
24662777,H1G
24662778,H1G
24662779,H1G
24662780,H1G
24662781,H1G
24662782,H1G
24662783,H1G
24662784,H1G
24662785,H1G
24662786,H1G
24662787,H1G
24662788,H1G
24662789,H1G
24662790,H1G
24662791,H1G
24662792,H1G
24662793,H1G
24662794,H1G
24662795,H1G
24662796,H1G
24662797,H1H
24662798,H1H
24662799,H1H
24662800,H1H
24662801,H1H
24662802,H1G
24662803,H1G
24662804,H1H
24662805,H1H
24662806,H1H
24662807,H1G
24662808,H1G
24662809,H1G
24662810,H1G
24662811,H1G
24662812,H1G
24662813,H1G
24662814,H1G
24662815,H1G
24662816,H1G
24662817,H1G
24662819,H1G
24662821,H1E
24662822,H1E
24662823,H1E
24662824,H1E
24662825,H1E
24662826,H1E
24662827,H1E
24662828,H1E
24662829,H1E
24662830,H1E
24662831,H1E
24662832,H1E
24662833,H1E
24662834,H1E
24662835,H1E
24662836,H1E
24662837,H1E
24662838,H1E
24662839,H1E
24662840,H1E
24662841,H1E
24662842,H1E
24662843,H1E
24662844,H1E
24662845,H1E
24662848,H1E
24662849,H1J
24662850,H1E
24662851,H1E
24662852,H1E
24662853,H1E
24662854,H1E
24662855,H1E
24662856,H1E
24662857,H1E
24662858,H1E
24662859,H1E
24662860,H1E
24662861,H1E
24662862,H1E
24662863,H1E
24662864,H1E
24662865,H1E
24662866,H1E
24662867,H1E
24662868,H1E
24662869,H1E
24662870,H1E
24662871,H1E
24662872,H1E
24662873,H1E
24662874,H1E
24662875,H1E
24662876,H1E
24662877,H1E
24662878,H1E
24662879,H1E
24662880,H1E
24662881,H1E
24662882,H1E
24662883,H1E
24662884,H1E
24662885,H1E
24662886,H1E
24662887,H1E
24662888,H1E
24662889,H1E
24662890,H1E
24662891,H1E
24662892,H1E
24662893,H1E
24662894,H1E
24662895,H1C
24662896,H1C
24662897,H1C
24662898,H1C
24662899,H1E
24662900,H1E
24662901,H1E
24662902,H1E
24662903,H1E
24662904,H1E
24662905,H1B
24662906,H1K
24662907,H1K
24662908,H1K
24662909,H1K
24662910,H1K
24662911,H1B
24662912,H1B
24662913,H1B
24662914,H1B
24662915,H1B
24662916,H1B
24662917,H1B
24662918,H1B
24662919,H1B
24662920,H1B
24662921,H1A
24662922,H1B
24662923,H1B
24662924,H1B
24662925,H1B
24662926,H1B
24662927,H1A
24662928,H1A
24662929,H1A
24662930,H1A
24662931,H1A
24662932,H1A
24662933,H1A
24662934,H1A
24662935,H1A
24662936,H1C
24662937,H1C
24662938,H1C
24662939,H1C
24662940,H1C
24662941,H1C
24662942,H1C
24662943,H1C
24662944,H1C
24662945,H1C
24662946,H1C
24662947,H1C
24662948,H1A
24662949,H1A
24662951,H1A
24662952,H1B
24662953,H1B
24662954,H1B
24662955,H1B
24662956,H1B
24662957,H1B
24662958,H1J
24662961,H1J
24662962,H1G
24662963,H1G
24662964,H1G
24662965,H1G
24662966,H1G
24662967,H1G
24662968,H1G
24662969,H1P
24662970,H1P
24662971,H2B
24662972,H1Z
24662973,H1Z
24662974,H2B
24662975,H2B
24662976,H2B
24662977,H2B
24662978,H2B
24662979,H2B
24662980,H2E
24662981,H2R
24662982,H2E
24662983,H4K
24662984,H4K
24662985,H4K
24662986,H4K
24662987,H8Y
24662988,H8Y
24662989,H8Y
24662992,H8Y
24662993,H8Y
24662994,H8Y
24662995,H8Y
24662996,H8Y
24662997,H8Y
24662998,H9B
24662999,H9B
24663000,H9B
24663001,H9B
24663002,H9B
24663003,H8Y
24663004,H8Y
24663005,H8Y
24663006,H8Y
24663007,H8Y
24663008,H8Y
24663009,H8Y
24663010,H8Y
24663011,H8Y
24663012,H8Y
24663013,H8Y
24663014,H8Y
24663015,H8Y
24663016,H8Y
24663017,H8Z
24663018,H8Y
24663019,H8Y
24663020,H8Z
24663021,H8Z
24663022,H8Z
24663023,H8Z
24663024,H8Z
24663025,H8Z
24663026,H8Z
24663027,H9A
24663028,H9A
24663029,H9A
24663030,H9A
24663031,H9A
24663032,H9A
24663033,H9A
24663034,H9H
24663035,H9H
24663036,H9H
24663037,H9H
24663038,H9H
24663039,H9H
24663040,H9H
24663041,H9H
24663042,H9H
24663043,H9H
24663044,H9H
24663045,H9H
24663046,H9H
24663047,H9H
24663048,H9H
24663049,H9H
24663050,H9A
24663051,H8Z
24663052,H8Z
24663053,H8Z
24663077,H9J
24663079,H9K
24663080,H9K
24663081,H9J
24663082,H9J
24663083,H9J
24663084,H9J
24663085,H9J
24663086,H9J
24663088,H9K
24663089,H9K
24663090,H9J
24663091,H9J
24663092,H9J
24663094,H9J
24663095,H9J
24663096,H9J
24663097,H9W
24663098,H9W
24663099,H9W
24663100,H9W
24663101,H9W
24663102,H9W
24663103,H9W
24663104,H9W
24663105,H9W
24663106,H9W
24663107,H9W
24663108,H9W
24663109,H9W
24663110,H9W
24663111,H9X
24663112,H9X
24663113,H9X
24663114,H9X
24663115,H9X
24663116,H9X
24663117,H9X
24663118,H9X
24663120,H9X
24663121,H9X
24663122,H9X
24663123,H9X
24663124,H9X
24663125,H9X
24663126,H9X
24663127,H9X
24663128,H9S
24663129,H9S
24663130,H9S
24663131,H9S
24663132,H9S
24663133,H9S
24663134,H9S
24663135,H9S
24663136,H9S
24663137,H9S
24663138,H9G
24663139,H9G
24663140,H8Y
24663141,H8Y
24663142,H8S
24663143,H8S
24663144,H8S
24663145,H8S
24663146,H8S
24663147,H8S
24663149,H8S
24663150,H8S
24663151,H9R
24663152,H9B
24663153,H9B
24663154,H9G
24663155,H9G
24663156,H9G
24663157,H9G
24663158,H9G
24663159,H9G
24663160,H9G
24663161,H9G
24663162,H9G
24663164,H9R
24663166,H9R
24663167,H9R
24663168,H9R
24663169,H9R
24663170,H9R
24663171,H9R
24663172,H9H
24663173,H9H
24663174,H9H
24663175,H9H
24663176,H9J
24663177,H9J
24663178,H9J
24663179,H9J
24663180,H9H
24663181,H9H
24663182,H9R
24663183,H9R
24663184,H3Y
24663185,H3Y
24663186,H3Y
24663187,H3Y
24663188,H3W
24663189,H3W
24663190,H3W
24663191,H3W
24663194,H3W
24663195,H3W
24663196,H3W
24663197,H3W
24663198,H3W
24663199,H3W
24663200,H3W
24663201,H3X
24663202,H3X
24663203,H3X
24663204,H3X
24663205,H3X
24663206,H3X
24663207,H3X
24663208,H4A
24663209,H4A
24663210,H3X
24663211,H3X
24663212,H3X
24663213,H3W
24663214,H3W
24663215,H3X
24663216,H1N
24663217,H1M
24663218,H1M
24663219,H1M
24663220,H1M
24663221,H1M
24663222,H1M
24663223,H1M
24663227,H1L
24663228,H1L
24663229,H1L
24663230,H1L
24663231,H1L
24663232,H1L
24663233,H1L
24663234,H1L
24663235,H1L
24663236,H1L
24663237,H1L
24663238,H1L
24663239,H1L
24663241,H1N
24663242,H3H
24663243,H3H
24663244,H3W
24663245,H3S
24663246,H3G
24663249,H2X
24663250,H3N
24663251,H2M
24663253,H4J
24663256,H4X
24663257,H3Z
24663258,H3Z
24663259,H4W
24663260,H8T
24663261,H3P
24663262,H4L
24663264,H4M
24663266,H4L
24663269,H9R
24663270,H8Y
24663271,H4J
24663273,H3W
24663274,H3S
24663275,H3W
24663276,H1A
24663277,H1G
24663279,H4W
24663280,H4W
24663281,H1H
24663282,H1G
24663283,H1T
24663285,H4L
24663286,H4A
24663287,H4A
24663288,H4W
24663289,H4C
24663290,H4G
24663291,H4N
24663292,H1N
24663293,H1M
24663294,H9G
24663295,H9B
24663296,H4R
24663297,H3L
24663298,H1J
24663299,H4M
24663300,H4M
24663301,H4M
24663302,H4M
24663304,H8N
24663305,H8N
24663315,H1N
24663316,H1N
24663317,H1N
24663318,H1N
24663319,H1N
24663320,H1N
24663321,H1N
24663322,H1V
24663323,H1V
24663324,H1V
24663325,H1V
24663326,H1V
24663327,H1V
24663328,H1V
24663330,H2K
24663331,H2K
24663332,H2K
24663333,H2K
24663336,H2L
24663337,H2L
24663341,H2L
24663342,H2L
24663343,H2L
24663344,H2L
24663345,H2L
24663346,H2X
24663347,H2X
24663348,H2X
24663349,H2X
24663350,H2X
24663351,H4N
24663352,H4N
24663353,H4N
24663355,H4N
24663356,H4N
24663357,H4N
24663358,H3A
24663359,H3G
24663360,H3G
24663361,H3G
24663362,H3H
24663363,H3H
24663364,H3H
24663365,H3H
24663366,H3H
24663367,H3H
24663368,H3H
24663369,H3H
24663371,H3V
24663372,H3V
24663374,H4L
24663375,H4L
24663376,H4L
24663377,H4L
24663378,H4L
24663379,H4L
24663380,H4L
24663383,H8S
24663384,H8S
24663385,H8S
24663386,H8S
24663387,H8S
24663388,H8S
24663389,H8S
24663390,H8S
24663391,H8S
24663392,H8S
24663393,H8S
24663394,H8S
24663395,H8S
24663397,H1Y
24663398,H1Y
24663399,H1Y
24663400,H1Y
24663401,H1Y
24663402,H1A
24663403,H1A
24663404,H1A
24663405,H1A
24663407,H9K
24663408,H9J
24663409,H9J
24663410,H9K
24663411,H9K
24663412,H4W
24663413,H4W
24663414,H4R
24663415,H4R
24663416,H4R
24663417,H4R
24663418,H4R
24663419,H4R
24663420,H4R
24663421,H4R
24663422,H4R
24663423,H4R
24663424,H4R
24663425,H4R
24663426,H4B
24663428,H4B
24663429,H9J
24663430,H9J
24663431,H3X
24663432,H3X
24663434,H3J
24663436,H3J
24663437,H3H
24663438,H3H
24663439,H3C
24663444,H3C
24663445,H3C
24663450,H2S
24663451,H2S
24663452,H3C
24663453,H3C
24663454,H4P
24663455,H4P
24663457,H1T
24663458,H1T
24663459,H3A
24663460,H3A
24663461,H4L
24663462,H4L
24663463,H2L
24663464,H2L
24663465,H8S
24663466,H8S
24663467,H4N
24663468,H4N
24663469,H4N
24663470,H4B
24663471,H4B
24663472,H1R
24663473,H1R
24663474,H8N
24663475,H8N
24663476,H8N
24663477,H1N
24663478,H1N
24663479,H3V
24663480,H3V
24663481,H3V
24663482,H3V
24663483,H3V
24663484,H9K
24663485,H9K
24663486,H3C
24663488,H3C
24663489,H3C
24663490,H3C
24663491,H3C
24663492,H3C
24663493,H3C
24663495,H4N
24663496,H4L
24663497,H4L
